x,y,phi,vx,vy,w
1.5613424142938286,-2.656049133287994,-2.656049133287994,0.02,0.0,0.0
1.5612577301148451,-2.656217022974617,-2.656217022974617,0.04,0.0,0.0
1.5608505613513417,-2.656231853466714,-2.656231853466714,0.06,0.0,0.0
1.5608505613513417,-2.656231853466714,-2.656231853466714,0.08,0.0,0.0
1.5600935354490535,-2.656167712140079,-2.656167712140079,0.1,0.0,0.0
1.5588161850105173,-2.656183921691935,-2.656183921691935,0.12000000000000001,0.0,0.0
1.5588161850105173,-2.656183921691935,-2.656183921691935,0.14,0.0,0.0
1.557137323303061,-2.6562549098307398,-2.6562549098307398,0.16,0.0,0.0
1.557137323303061,-2.6562549098307398,-2.6562549098307398,0.18,0.0,0.0
1.557137323303061,-2.6562549098307398,-2.6562549098307398,0.19999999999999998,0.0,0.0
1.554650387010587,-2.6562837950697777,-2.6562837950697777,0.2,0.0,0.0
1.554650387010587,-2.6562837950697777,-2.6562837950697777,0.2,0.0,0.0
1.5496743745884027,-2.6559089054440643,-2.6559089054440643,0.2,0.0,0.0
1.5496743745884027,-2.6559089054440643,-2.6559089054440643,0.2,0.0,0.0
1.5496743745884027,-2.6559089054440643,-2.6559089054440643,0.2,0.0,0.0
1.5496743745884027,-2.6559089054440643,-2.6559089054440643,0.2,0.0,0.0
1.5470584101667237,-2.655878542309233,-2.655878542309233,0.2,0.0,0.0
1.5470584101667237,-2.655878542309233,-2.655878542309233,0.2,0.0,0.0
1.5470584101667237,-2.655878542309233,-2.655878542309233,0.2,0.0,0.0
1.5410545338679997,-2.6564584096833435,-2.6564584096833435,0.2,0.0,0.0
1.5403964167045883,-2.656580077313297,-2.656580077313297,0.2,0.0,0.0
1.5403964167045883,-2.656580077313297,-2.656580077313297,0.2,0.0,0.0
1.5403964167045883,-2.656580077313297,-2.656580077313297,0.2,0.0,0.0
1.5368409641072607,-2.6570283323989963,-2.6570283323989963,0.2,0.0,0.0
1.5368409641072607,-2.6570283323989963,-2.6570283323989963,0.2,0.0,0.0
1.5368409641072607,-2.6570283323989963,-2.6570283323989963,0.2,0.0,0.0
1.5368409641072607,-2.6570283323989963,-2.6570283323989963,0.2,0.0,0.0
1.5368409641072607,-2.6570283323989963,-2.6570283323989963,0.2,0.0,0.0
1.5332889735487358,-2.6571729065564864,-2.6571729065564864,0.2,0.0,0.0
1.5332889735487358,-2.6571729065564864,-2.6571729065564864,0.2,0.0,0.0
1.5332889735487358,-2.6571729065564864,-2.6571729065564864,0.2,0.0,0.0
1.5332889735487358,-2.6571729065564864,-2.6571729065564864,0.2,0.0,0.0
1.5332889735487358,-2.6571729065564864,-2.6571729065564864,0.2,0.0,0.0
1.5288403007033733,-2.657352916821785,-2.657352916821785,0.2,0.0,0.0
1.5288403007033733,-2.657352916821785,-2.657352916821785,0.2,0.0,0.0
1.5288403007033733,-2.657352916821785,-2.657352916821785,0.2,0.0,0.0
1.5288403007033733,-2.657352916821785,-2.657352916821785,0.2,0.0,0.0
1.5288403007033733,-2.657352916821785,-2.657352916821785,0.2,0.0,0.0
1.5261945085168915,-2.6574373075611133,-2.6574373075611133,0.2,0.0,0.0
1.5261945085168915,-2.6574373075611133,-2.6574373075611133,0.2,0.0,0.0
1.5261945085168915,-2.6574373075611133,-2.6574373075611133,0.2,0.0,0.0
1.5261945085168915,-2.6574373075611133,-2.6574373075611133,0.2,0.0,0.0
1.5261945085168915,-2.6574373075611133,-2.6574373075611133,0.2,0.0,0.0
1.5261945085168915,-2.6574373075611133,-2.6574373075611133,0.2,0.0,0.0
1.522650258829233,-2.6575945646263723,-2.6575945646263723,0.2,0.0,0.0
1.522650258829233,-2.6575945646263723,-2.6575945646263723,0.2,0.0,0.0
1.522650258829233,-2.6575945646263723,-2.6575945646263723,0.2,0.0,0.0
1.522650258829233,-2.6575945646263723,-2.6575945646263723,0.2,0.0,0.0
1.5191074450905377,-2.65772637723379,-2.65772637723379,0.2,0.0,0.0
1.5191074450905377,-2.65772637723379,-2.65772637723379,0.2,0.0,0.0
1.5155652174710812,-2.6577961697466406,-2.6577961697466406,0.2,0.0,0.0
1.5155652174710812,-2.6577961697466406,-2.6577961697466406,0.2,0.0,0.0
1.5155652174710812,-2.6577961697466406,-2.6577961697466406,0.2,0.0,0.0
1.5155652174710812,-2.6577961697466406,-2.6577961697466406,0.2,0.0,0.0
1.5155652174710812,-2.6577961697466406,-2.6577961697466406,0.2,0.0,0.0
1.5120230594828867,-2.6577702063218687,-2.6577702063218687,0.2,0.0,0.0
1.5120230594828867,-2.6577702063218687,-2.6577702063218687,0.2,0.0,0.0
1.5120230594828867,-2.6577702063218687,-2.6577702063218687,0.2,0.0,0.0
1.5120230594828867,-2.6577702063218687,-2.6577702063218687,0.2,0.0,0.0
1.5084821703842382,-2.6578038493472103,-2.6578038493472103,0.2,0.0,0.0
1.5084821703842382,-2.6578038493472103,-2.6578038493472103,0.2,0.0,0.0
1.5084821703842382,-2.6578038493472103,-2.6578038493472103,0.2,0.0,0.0
1.504941251640145,-2.6578299203338283,-2.6578299203338283,0.2,0.0,0.0
1.504941251640145,-2.6578299203338283,-2.6578299203338283,0.2,0.0,0.0
1.504941251640145,-2.6578299203338283,-2.6578299203338283,0.2,0.0,0.0
1.5014007317341764,-2.6578794862679507,-2.6578794862679507,0.2,0.0,0.0
1.5014007317341764,-2.6578794862679507,-2.6578794862679507,0.2,0.0,0.0
1.5014007317341764,-2.6578794862679507,-2.6578794862679507,0.2,0.0,0.0
1.4978602509125252,-2.657862872538733,-2.657862872538733,0.2,0.0,0.0
1.4978602509125252,-2.657862872538733,-2.657862872538733,0.2,0.0,0.0
1.4978602509125252,-2.657862872538733,-2.657862872538733,0.2,0.0,0.0
1.4978602509125252,-2.657862872538733,-2.657862872538733,0.2,0.0,0.0
1.4943200000129728,-2.6578130622543106,-2.6578130622543106,0.2,0.0,-0.1
1.4943200000129728,-2.6578130622543106,-2.6578130622543106,0.2,0.0,-0.2
1.4907800166265486,-2.657933417476137,-2.657933417476137,0.2,0.0,-0.30000000000000004
1.4859757960830553,-2.659389574401804,-2.659389574401804,0.2,0.0,-0.4
1.483697059375263,-2.6609837049941776,-2.6609837049941776,0.2,0.0,-0.5
1.4801465501439819,-2.6643103354440214,-2.6643103354440214,0.18000000000000002,0.0,-0.4
1.4801465501439819,-2.6643103354440214,-2.6643103354440214,0.16000000000000003,0.0,-0.30000000000000004
1.4765905167138749,-2.6688595432012323,-2.6688595432012323,0.14000000000000004,0.0,-0.20000000000000004
1.4709353189544503,-2.6765027767054157,-2.6765027767054157,0.12000000000000004,0.0,-0.10000000000000003
1.4685101181946247,-2.6770959960816514,-2.6770959960816514,0.10000000000000003,0.0,-2.7755575615628914e-17
1.4685101181946247,-2.6770959960816514,-2.6770959960816514,0.08000000000000003,0.0,0.0
1.465856499833372,-2.6764337761884462,-2.6764337761884462,0.060000000000000026,0.0,0.0
1.4636626228588887,-2.6747796081806485,-2.6747796081806485,0.04000000000000002,0.0,0.0
1.4636626228588887,-2.6747796081806485,-2.6747796081806485,0.02000000000000002,0.0,0.0
1.462530946530861,-2.6744606087167933,-2.6744606087167933,2.0816681711721685e-17,0.0,0.0
1.4625095450265462,-2.6750812590520665,-2.6750812590520665,0.02,0.0,0.1
1.4625095450265462,-2.6750812590520665,-2.6750812590520665,0.04,0.0,0.2
1.4619753980908887,-2.6747145033618334,-2.6747145033618334,0.06,0.0,0.30000000000000004
1.4619753980908887,-2.6747145033618334,-2.6747145033618334,0.08,0.0,0.4
1.4610685780636845,-2.6740944139960683,-2.6740944139960683,0.1,0.0,0.5
1.4596295638335406,-2.673417947224726,-2.673417947224726,0.12000000000000001,0.0,0.6
1.4577160336656019,-2.672772781667344,-2.672772781667344,0.14,0.0,0.7
1.4577160336656019,-2.672772781667344,-2.672772781667344,0.16,0.0,0.7999999999999999
1.4577160336656019,-2.672772781667344,-2.672772781667344,0.18,0.0,0.8999999999999999
1.4541163636767453,-2.6721398908352167,-2.6721398908352167,0.2,0.0,1.0
1.4503454771913686,-2.6714664708877245,-2.6714664708877245,0.2,0.0,1.0
1.4503454771913686,-2.6714664708877245,-2.6714664708877245,0.2,0.0,1.0
1.4430927290999087,-2.668508136179766,-2.668508136179766,0.2,0.0,1.0
1.4430927290999087,-2.668508136179766,-2.668508136179766,0.2,0.0,1.0
1.439324259586395,-2.66621766685325,-2.66621766685325,0.2,0.0,1.0
1.439324259586395,-2.66621766685325,-2.66621766685325,0.2,0.0,1.0
1.439324259586395,-2.66621766685325,-2.66621766685325,0.2,0.0,1.0
1.4359209445621608,-2.6637904560515056,-2.6637904560515056,0.2,0.0,1.0
1.4359209445621608,-2.6637904560515056,-2.6637904560515056,0.2,0.0,1.0
1.4314597999605072,-2.6599488532542073,-2.6599488532542073,0.2,0.0,1.0
1.4314597999605072,-2.6599488532542073,-2.6599488532542073,0.2,0.0,1.0
1.4284332056069289,-2.6567283463581863,-2.6567283463581863,0.2,0.0,1.0
1.4284332056069289,-2.6567283463581863,-2.6567283463581863,0.2,0.0,1.0
1.4284332056069289,-2.6567283463581863,-2.6567283463581863,0.2,0.0,1.0
1.4284332056069289,-2.6567283463581863,-2.6567283463581863,0.2,0.0,1.0
1.4284332056069289,-2.6567283463581863,-2.6567283463581863,0.2,0.0,1.0
1.425235680809426,-2.652908667959267,-2.652908667959267,0.2,0.0,1.0
1.425235680809426,-2.652908667959267,-2.652908667959267,0.2,0.0,1.0
1.425235680809426,-2.652908667959267,-2.652908667959267,0.2,0.0,1.0
1.42168724345199,-2.647722462918273,-2.647722462918273,0.2,0.0,1.0
1.42168724345199,-2.647722462918273,-2.647722462918273,0.2,0.0,1.0
1.42168724345199,-2.647722462918273,-2.647722462918273,0.2,0.0,1.0
1.42168724345199,-2.647722462918273,-2.647722462918273,0.2,0.0,1.0
1.4181498237349552,-2.64135319817012,-2.64135319817012,0.2,0.0,1.0
1.4181498237349552,-2.64135319817012,-2.64135319817012,0.2,0.0,1.0
1.4181498237349552,-2.64135319817012,-2.64135319817012,0.2,0.0,1.0
1.4181498237349552,-2.64135319817012,-2.64135319817012,0.2,0.0,1.0
1.4146266541764114,-2.6337374662859374,-2.6337374662859374,0.2,0.0,1.0
1.4146266541764114,-2.6337374662859374,-2.6337374662859374,0.2,0.0,1.0
1.4146266541764114,-2.6337374662859374,-2.6337374662859374,0.2,0.0,1.0
1.4111189754585889,-2.6246491236080205,-2.6246491236080205,0.2,0.0,1.0
1.4111189754585889,-2.6246491236080205,-2.6246491236080205,0.2,0.0,1.0
1.4111189754585889,-2.6246491236080205,-2.6246491236080205,0.2,0.0,1.0
1.40763060947106,-2.613794510126564,-2.613794510126564,0.2,0.0,1.0
1.40763060947106,-2.613794510126564,-2.613794510126564,0.2,0.0,1.0
1.40763060947106,-2.613794510126564,-2.613794510126564,0.2,0.0,1.0
1.40763060947106,-2.613794510126564,-2.613794510126564,0.2,0.0,1.0
1.40763060947106,-2.613794510126564,-2.613794510126564,0.2,0.0,1.0
1.404166629065282,-2.6010445727782274,-2.6010445727782274,0.2,0.0,1.0
1.404166629065282,-2.6010445727782274,-2.6010445727782274,0.2,0.0,1.0
1.4007306274975624,-2.586265422511548,-2.586265422511548,0.2,0.0,1.0
1.4007306274975624,-2.586265422511548,-2.586265422511548,0.2,0.0,1.0
1.4007306274975624,-2.586265422511548,-2.586265422511548,0.2,0.0,1.0
1.3973275456656324,-2.56915665571721,-2.56915665571721,0.2,0.0,1.0
1.3973275456656324,-2.56915665571721,-2.56915665571721,0.2,0.0,1.0
1.3973275456656324,-2.56915665571721,-2.56915665571721,0.2,0.0,1.0
1.3934529797402262,-2.5464440999311306,-2.5464440999311306,0.2,0.0,1.0
1.3934529797402262,-2.5464440999311306,-2.5464440999311306,0.2,0.0,1.0
1.3934529797402262,-2.5464440999311306,-2.5464440999311306,0.2,0.0,1.0
1.3934529797402262,-2.5464440999311306,-2.5464440999311306,0.2,0.0,1.0
1.3901389515412697,-2.5241327618633713,-2.5241327618633713,0.2,0.0,1.0
1.3901389515412697,-2.5241327618633713,-2.5241327618633713,0.2,0.0,1.0
1.387376444284689,-2.5029113069699154,-2.5029113069699154,0.2,0.0,1.0
1.387376444284689,-2.5029113069699154,-2.5029113069699154,0.2,0.0,1.0
1.387376444284689,-2.5029113069699154,-2.5029113069699154,0.2,0.0,1.0
1.387376444284689,-2.5029113069699154,-2.5029113069699154,0.2,0.0,1.0
1.387376444284689,-2.5029113069699154,-2.5029113069699154,0.2,0.0,1.0
1.3840211796994861,-2.4755950852340436,-2.4755950852340436,0.2,0.0,1.0
1.3840211796994861,-2.4755950852340436,-2.4755950852340436,0.2,0.0,1.0
1.3840211796994861,-2.4755950852340436,-2.4755950852340436,0.2,0.0,1.0
1.3840211796994861,-2.4755950852340436,-2.4755950852340436,0.2,0.0,1.0
1.3810612777580018,-2.450105292984427,-2.450105292984427,0.2,0.0,1.0
1.3810612777580018,-2.450105292984427,-2.450105292984427,0.2,0.0,1.0
1.3810612777580018,-2.450105292984427,-2.450105292984427,0.2,0.0,1.0
1.3780074363234758,-2.4231834432400308,-2.4231834432400308,0.2,0.0,1.0
1.3780074363234758,-2.4231834432400308,-2.4231834432400308,0.2,0.0,1.0
1.3780074363234758,-2.4231834432400308,-2.4231834432400308,0.2,0.0,1.0
1.3745727138356925,-2.3922633177617953,-2.3922633177617953,0.2,0.0,1.0
1.3745727138356925,-2.3922633177617953,-2.3922633177617953,0.2,0.0,1.0
1.3745727138356925,-2.3922633177617953,-2.3922633177617953,0.2,0.0,1.0
1.3721084427488077,-2.369444552686119,-2.369444552686119,0.2,0.0,1.0
1.3721084427488077,-2.369444552686119,-2.369444552686119,0.2,0.0,1.0
1.3692709337213507,-2.3424962504356652,-2.3424962504356652,0.2,0.0,1.0
1.3692709337213507,-2.3424962504356652,-2.3424962504356652,0.2,0.0,1.0
1.3663719099006644,-2.314190886792899,-2.314190886792899,0.2,0.0,1.0
1.3663719099006644,-2.314190886792899,-2.314190886792899,0.2,0.0,1.0
1.3663719099006644,-2.314190886792899,-2.314190886792899,0.2,0.0,1.0
1.3663719099006644,-2.314190886792899,-2.314190886792899,0.2,0.0,1.0
1.3663719099006644,-2.314190886792899,-2.314190886792899,0.2,0.0,1.0
1.3626161257063938,-2.2763246721321537,-2.2763246721321537,0.2,0.0,1.0
1.3626161257063938,-2.2763246721321537,-2.2763246721321537,0.2,0.0,1.0
1.3626161257063938,-2.2763246721321537,-2.2763246721321537,0.2,0.0,1.0
1.3626161257063938,-2.2763246721321537,-2.2763246721321537,0.2,0.0,1.0
1.361217105775988,-2.2615416347968553,-2.2615416347968553,0.2,0.0,1.0
1.361217105775988,-2.2615416347968553,-2.2615416347968553,0.2,0.0,1.0
1.361217105775988,-2.2615416347968553,-2.2615416347968553,0.2,0.0,1.0
1.361217105775988,-2.2615416347968553,-2.2615416347968553,0.2,0.0,1.0
1.361217105775988,-2.2615416347968553,-2.2615416347968553,0.2,0.0,1.0
1.361217105775988,-2.2615416347968553,-2.2615416347968553,0.2,0.0,1.0
1.361217105775988,-2.2615416347968553,-2.2615416347968553,0.2,0.0,1.0
1.361217105775988,-2.2615416347968553,-2.2615416347968553,0.2,0.0,1.0
1.3585725252486922,-2.2331978513489528,-2.2331978513489528,0.2,0.0,1.0
1.3585725252486922,-2.2331978513489528,-2.2331978513489528,0.2,0.0,1.0
1.3585725252486922,-2.2331978513489528,-2.2331978513489528,0.2,0.0,1.0
1.3585725252486922,-2.2331978513489528,-2.2331978513489528,0.2,0.0,1.0
1.3562665143285213,-2.2075677358017063,-2.2075677358017063,0.2,0.0,1.0
1.3562665143285213,-2.2075677358017063,-2.2075677358017063,0.2,0.0,1.0
1.3562665143285213,-2.2075677358017063,-2.2075677358017063,0.2,0.0,1.0
1.3562665143285213,-2.2075677358017063,-2.2075677358017063,0.2,0.0,1.0
1.3539230191607794,-2.1805456473265985,-2.1805456473265985,0.2,0.0,1.0
1.3539230191607794,-2.1805456473265985,-2.1805456473265985,0.2,0.0,1.0
1.351665866678978,-2.153832344756533,-2.153832344756533,0.2,0.0,1.0
1.351665866678978,-2.153832344756533,-2.153832344756533,0.2,0.0,1.0
1.351665866678978,-2.153832344756533,-2.153832344756533,0.2,0.0,1.0
1.351665866678978,-2.153832344756533,-2.153832344756533,0.2,0.0,1.0
1.3493892343481642,-2.1263127067648706,-2.1263127067648706,0.2,0.0,1.0
1.3493892343481642,-2.1263127067648706,-2.1263127067648706,0.2,0.0,1.0
1.3493892343481642,-2.1263127067648706,-2.1263127067648706,0.2,0.0,1.0
1.3474159286281262,-2.101803956516464,-2.101803956516464,0.2,0.0,1.0
1.3474159286281262,-2.101803956516464,-2.101803956516464,0.2,0.0,1.0
1.3474159286281262,-2.101803956516464,-2.101803956516464,0.2,0.0,1.0
1.3474159286281262,-2.101803956516464,-2.101803956516464,0.2,0.0,1.0
1.3474159286281262,-2.101803956516464,-2.101803956516464,0.2,0.0,1.0
1.3451249108784078,-2.07221046693731,-2.07221046693731,0.2,0.0,1.0
1.3451249108784078,-2.07221046693731,-2.07221046693731,0.2,0.0,1.0
1.3451249108784078,-2.07221046693731,-2.07221046693731,0.2,0.0,1.0
1.34351661771005,-2.0502249522915728,-2.0502249522915728,0.2,0.0,1.0
1.34351661771005,-2.0502249522915728,-2.0502249522915728,0.2,0.0,1.0
1.34351661771005,-2.0502249522915728,-2.0502249522915728,0.2,0.0,1.0
1.341705027605204,-2.0240320945011527,-2.0240320945011527,0.2,0.0,1.0
1.341705027605204,-2.0240320945011527,-2.0240320945011527,0.2,0.0,1.0
1.341705027605204,-2.0240320945011527,-2.0240320945011527,0.2,0.0,1.0
1.341705027605204,-2.0240320945011527,-2.0240320945011527,0.2,0.0,1.0
1.341705027605204,-2.0240320945011527,-2.0240320945011527,0.2,0.0,1.0
1.341705027605204,-2.0240320945011527,-2.0240320945011527,0.2,0.0,1.0
1.339991359308173,-1.9973801652630334,-1.9973801652630334,0.2,0.0,1.0
1.339991359308173,-1.9973801652630334,-1.9973801652630334,0.2,0.0,1.0
1.339991359308173,-1.9973801652630334,-1.9973801652630334,0.2,0.0,1.0
1.3383728663975736,-1.9705810585302683,-1.9705810585302683,0.2,0.0,1.0
1.3383728663975736,-1.9705810585302683,-1.9705810585302683,0.2,0.0,1.0
1.3368531897359912,-1.9438894938173599,-1.9438894938173599,0.2,0.0,1.0
1.3368531897359912,-1.9438894938173599,-1.9438894938173599,0.2,0.0,1.0
1.3354325397595277,-1.9176132411010158,-1.9176132411010158,0.2,0.0,1.0
1.3354325397595277,-1.9176132411010158,-1.9176132411010158,0.2,0.0,1.0
1.3354325397595277,-1.9176132411010158,-1.9176132411010158,0.2,0.0,1.0
1.3341096181731225,-1.8918731278597092,-1.8918731278597092,0.2,0.0,1.0
1.3341096181731225,-1.8918731278597092,-1.8918731278597092,0.2,0.0,1.0
1.3341096181731225,-1.8918731278597092,-1.8918731278597092,0.2,0.0,1.0
1.3328826040595743,-1.867113805689112,-1.867113805689112,0.2,0.0,1.0
1.3328826040595743,-1.867113805689112,-1.867113805689112,0.2,0.0,1.0
1.3328826040595743,-1.867113805689112,-1.867113805689112,0.2,0.0,1.0
1.3317484116897202,-1.8435262971963011,-1.8435262971963011,0.2,0.0,1.0
1.3317484116897202,-1.8435262971963011,-1.8435262971963011,0.2,0.0,1.0
1.3307035723904506,-1.8214948993517832,-1.8214948993517832,0.2,0.0,1.0
1.3307035723904506,-1.8214948993517832,-1.8214948993517832,0.2,0.0,1.0
1.3296936309061342,-1.8002142867782878,-1.8002142867782878,0.2,0.0,1.0
1.3296936309061342,-1.8002142867782878,-1.8002142867782878,0.2,0.0,1.0
1.3288544108501787,-1.7826928380304996,-1.7826928380304996,0.2,0.0,1.0
1.3280379236067539,-1.7662333320574766,-1.7662333320574766,0.2,0.0,1.0
1.3280379236067539,-1.7662333320574766,-1.7662333320574766,0.2,0.0,1.0
1.3280379236067539,-1.7662333320574766,-1.7662333320574766,0.2,0.0,1.0
1.3280379236067539,-1.7662333320574766,-1.7662333320574766,0.2,0.0,1.0
1.3272456099715737,-1.7512384140362245,-1.7512384140362245,0.2,0.0,1.0
1.3272456099715737,-1.7512384140362245,-1.7512384140362245,0.2,0.0,1.0
1.3265806476695967,-1.739695258213231,-1.739695258213231,0.2,0.0,1.0
1.3265806476695967,-1.739695258213231,-1.739695258213231,0.2,0.0,1.0
1.3265806476695967,-1.739695258213231,-1.739695258213231,0.2,0.0,1.0
1.3257289980083622,-1.726417612052141,-1.726417612052141,0.2,0.0,1.0
1.3257289980083622,-1.726417612052141,-1.726417612052141,0.2,0.0,1.0
1.3257289980083622,-1.726417612052141,-1.726417612052141,0.2,0.0,1.0
1.3257289980083622,-1.726417612052141,-1.726417612052141,0.2,0.0,1.0
1.325303262198228,-1.7206263073090264,-1.7206263073090264,0.2,0.0,1.0
1.325303262198228,-1.7206263073090264,-1.7206263073090264,0.2,0.0,1.0
1.325303262198228,-1.7206263073090264,-1.7206263073090264,0.2,0.0,1.0
1.325303262198228,-1.7206263073090264,-1.7206263073090264,0.2,0.0,1.0
1.3247172067106618,-1.714049198365317,-1.714049198365317,0.2,0.0,1.0
1.3247172067106618,-1.714049198365317,-1.714049198365317,0.2,0.0,1.0
1.324154489513771,-1.709480886451758,-1.709480886451758,0.2,0.0,1.0
1.324154489513771,-1.709480886451758,-1.709480886451758,0.2,0.0,1.0
1.324154489513771,-1.709480886451758,-1.709480886451758,0.2,0.0,1.0
1.3236075996886758,-1.7065279282832022,-1.7065279282832022,0.2,0.0,1.0
1.3236075996886758,-1.7065279282832022,-1.7065279282832022,0.2,0.0,1.0
1.3230716077624807,-1.7050355109683377,-1.7050355109683377,0.2,0.0,1.0
1.3230716077624807,-1.7050355109683377,-1.7050355109683377,0.2,0.0,1.0
1.3230716077624807,-1.7050355109683377,-1.7050355109683377,0.2,0.0,1.0
1.3225126053079708,-1.7037411446923127,-1.7037411446923127,0.2,0.0,1.0
1.3225126053079708,-1.7037411446923127,-1.7037411446923127,0.2,0.0,1.0
1.3225126053079708,-1.7037411446923127,-1.7037411446923127,0.2,0.0,1.0
1.3225126053079708,-1.7037411446923127,-1.7037411446923127,0.2,0.0,1.0
1.322008370773718,-1.7041607727845882,-1.7041607727845882,0.2,0.0,1.0
1.322008370773718,-1.7041607727845882,-1.7041607727845882,0.2,0.0,1.0
1.322008370773718,-1.7041607727845882,-1.7041607727845882,0.2,0.0,1.0
1.3214509498792955,-1.7042851847987892,-1.7042851847987892,0.2,0.0,1.0
1.3214509498792955,-1.7042851847987892,-1.7042851847987892,0.2,0.0,1.0
1.3214509498792955,-1.7042851847987892,-1.7042851847987892,0.2,0.0,1.0
1.3214509498792955,-1.7042851847987892,-1.7042851847987892,0.2,0.0,1.0
1.320920319359083,-1.7041968338113493,-1.7041968338113493,0.2,0.0,1.0
1.320920319359083,-1.7041968338113493,-1.7041968338113493,0.2,0.0,1.0
1.320920319359083,-1.7041968338113493,-1.7041968338113493,0.2,0.0,1.0
1.3204170905360417,-1.7040382779792207,-1.7040382779792207,0.2,0.0,1.0
1.3204170905360417,-1.7040382779792207,-1.7040382779792207,0.2,0.0,1.0
1.3198876709817529,-1.703995705034513,-1.703995705034513,0.2,0.0,1.0
1.3198876709817529,-1.703995705034513,-1.703995705034513,0.2,0.0,1.0
1.3198876709817529,-1.703995705034513,-1.703995705034513,0.2,0.0,1.0
1.3198876709817529,-1.703995705034513,-1.703995705034513,0.2,0.0,1.0
1.3198876709817529,-1.703995705034513,-1.703995705034513,0.2,0.0,1.0
1.3198876709817529,-1.703995705034513,-1.703995705034513,0.2,0.0,1.0
1.3193586051444712,-1.7037093213809675,-1.7037093213809675,0.2,0.0,1.0
1.3193586051444712,-1.7037093213809675,-1.7037093213809675,0.2,0.0,1.0
1.3193586051444712,-1.7037093213809675,-1.7037093213809675,0.2,0.0,1.0
1.3187511065071615,-1.703078299665396,-1.703078299665396,0.2,0.0,1.0
1.3187511065071615,-1.703078299665396,-1.703078299665396,0.2,0.0,1.0
1.3183058659756295,-1.7023428347925416,-1.7023428347925416,0.2,0.0,1.0
1.3183058659756295,-1.7023428347925416,-1.7023428347925416,0.2,0.0,1.0
1.3183058659756295,-1.7023428347925416,-1.7023428347925416,0.2,0.0,1.0
1.3183058659756295,-1.7023428347925416,-1.7023428347925416,0.2,0.0,1.0
1.3183058659756295,-1.7023428347925416,-1.7023428347925416,0.2,0.0,1.0
1.3183058659756295,-1.7023428347925416,-1.7023428347925416,0.2,0.0,1.0
1.3173612950906466,-1.7004663958932449,-1.7004663958932449,0.2,0.0,1.0
1.3172384970942657,-1.6997812308851006,-1.6997812308851006,0.2,0.0,1.0
1.3172384970942657,-1.6997812308851006,-1.6997812308851006,0.2,0.0,1.0
1.3172384970942657,-1.6997812308851006,-1.6997812308851006,0.2,0.0,1.0
1.3167529660816621,-1.6978746099284558,-1.6978746099284558,0.2,0.0,1.0
1.3167529660816621,-1.6978746099284558,-1.6978746099284558,0.2,0.0,1.0
1.3167529660816621,-1.6978746099284558,-1.6978746099284558,0.2,0.0,1.0
1.3167529660816621,-1.6978746099284558,-1.6978746099284558,0.2,0.0,1.0
1.3162004095887665,-1.6953724552798262,-1.6953724552798262,0.2,0.0,1.0
1.3162004095887665,-1.6953724552798262,-1.6953724552798262,0.2,0.0,1.0
1.315758396546404,-1.6931210656106201,-1.6931210656106201,0.2,0.0,1.0
1.315758396546404,-1.6931210656106201,-1.6931210656106201,0.2,0.0,1.0
1.3152764935865948,-1.6903679855071392,-1.6903679855071392,0.2,0.0,1.0
1.3152764935865948,-1.6903679855071392,-1.6903679855071392,0.2,0.0,1.0
1.3152764935865948,-1.6903679855071392,-1.6903679855071392,0.2,0.0,1.0
1.3147804200250925,-1.68728294600035,-1.68728294600035,0.2,0.0,1.0
1.3147804200250925,-1.68728294600035,-1.68728294600035,0.2,0.0,1.0
1.3143454523896414,-1.684636176895505,-1.684636176895505,0.2,0.0,1.0
1.3143454523896414,-1.684636176895505,-1.684636176895505,0.2,0.0,1.0
1.3143454523896414,-1.684636176895505,-1.684636176895505,0.2,0.0,1.0
1.313897862390607,-1.6815647114444796,-1.6815647114444796,0.2,0.0,1.0
1.313897862390607,-1.6815647114444796,-1.6815647114444796,0.2,0.0,1.0
1.3134194418467349,-1.6779467767087306,-1.6779467767087306,0.2,0.0,1.0
1.313020213297914,-1.6744269361664987,-1.6744269361664987,0.2,0.0,1.0
1.313020213297914,-1.6744269361664987,-1.6744269361664987,0.2,0.0,1.0
1.313020213297914,-1.6744269361664987,-1.6744269361664987,0.2,0.0,1.0
1.313020213297914,-1.6744269361664987,-1.6744269361664987,0.2,0.0,1.0
1.3125535504465107,-1.6697351650097179,-1.6697351650097179,0.2,0.0,1.0
1.3125535504465107,-1.6697351650097179,-1.6697351650097179,0.2,0.0,1.0
1.3125535504465107,-1.6697351650097179,-1.6697351650097179,0.2,0.0,1.0
1.3122240373857184,-1.6660031218074227,-1.6660031218074227,0.2,0.0,1.0
1.3122240373857184,-1.6660031218074227,-1.6660031218074227,0.2,0.0,1.0
1.3122240373857184,-1.6660031218074227,-1.6660031218074227,0.2,0.0,1.0
1.3122240373857184,-1.6660031218074227,-1.6660031218074227,0.2,0.0,1.0
1.3118707538850576,-1.6615274564779088,-1.6615274564779088,0.2,0.0,1.0
1.3118707538850576,-1.6615274564779088,-1.6615274564779088,0.2,0.0,1.0
1.3118707538850576,-1.6615274564779088,-1.6615274564779088,0.2,0.0,1.0
1.3114996370844898,-1.6562826043967709,-1.6562826043967709,0.2,0.0,1.0
1.3114996370844898,-1.6562826043967709,-1.6562826043967709,0.2,0.0,1.0
1.3114996370844898,-1.6562826043967709,-1.6562826043967709,0.2,0.0,1.0
1.3114996370844898,-1.6562826043967709,-1.6562826043967709,0.2,0.0,1.0
1.3114996370844898,-1.6562826043967709,-1.6562826043967709,0.2,0.0,1.0
1.3111006032811834,-1.6501246085572294,-1.6501246085572294,0.2,0.0,1.0
1.3111006032811834,-1.6501246085572294,-1.6501246085572294,0.2,0.0,1.0
1.3108685143660554,-1.6460219936546325,-1.6460219936546325,0.2,0.0,1.0
1.3108685143660554,-1.6460219936546325,-1.6460219936546325,0.2,0.0,1.0
1.3108685143660554,-1.6460219936546325,-1.6460219936546325,0.2,0.0,1.0
1.3105776341630375,-1.6402395647640267,-1.6402395647640267,0.2,0.0,1.0
1.3105776341630375,-1.6402395647640267,-1.6402395647640267,0.2,0.0,1.0
1.3105776341630375,-1.6402395647640267,-1.6402395647640267,0.2,0.0,1.0
1.3105776341630375,-1.6402395647640267,-1.6402395647640267,0.2,0.0,1.0
1.3105776341630375,-1.6402395647640267,-1.6402395647640267,0.2,0.0,1.0
1.3102051216929695,-1.6315457281478418,-1.6315457281478418,0.2,0.0,1.0
1.3102051216929695,-1.6315457281478418,-1.6315457281478418,0.2,0.0,1.0
1.310064135642752,-1.6277185890640256,-1.6277185890640256,0.2,0.0,1.0
1.310064135642752,-1.6277185890640256,-1.6277185890640256,0.2,0.0,1.0
1.310064135642752,-1.6277185890640256,-1.6277185890640256,0.2,0.0,1.0
1.310064135642752,-1.6277185890640256,-1.6277185890640256,0.2,0.0,1.0
1.309846903509316,-1.6210605417467343,-1.6210605417467343,0.2,0.0,1.0
1.309846903509316,-1.6210605417467343,-1.6210605417467343,0.2,0.0,1.0
1.3096477899384593,-1.6135929875591348,-1.6135929875591348,0.2,0.0,1.0
1.3096477899384593,-1.6135929875591348,-1.6135929875591348,0.2,0.0,1.0
1.3096477899384593,-1.6135929875591348,-1.6135929875591348,0.2,0.0,1.0
1.3094802787517306,-1.605744779381451,-1.605744779381451,0.2,0.0,1.0
1.3094802787517306,-1.605744779381451,-1.605744779381451,0.2,0.0,1.0
1.3094802787517306,-1.605744779381451,-1.605744779381451,0.2,0.0,1.0
1.3094802787517306,-1.605744779381451,-1.605744779381451,0.2,0.0,1.0
1.3093642012935276,-1.5986797189993318,-1.5986797189993318,0.2,0.0,1.0
1.3093642012935276,-1.5986797189993318,-1.5986797189993318,0.2,0.0,1.0
1.3093642012935276,-1.5986797189993318,-1.5986797189993318,0.2,0.0,1.0
1.3092651997348284,-1.5904584275889686,-1.5904584275889686,0.2,0.0,1.0
1.3092651997348284,-1.5904584275889686,-1.5904584275889686,0.2,0.0,1.0
1.3092651997348284,-1.5904584275889686,-1.5904584275889686,0.2,0.0,1.0
1.3091995830344791,-1.5817385484975586,-1.5817385484975586,0.2,0.0,1.0
1.3091995830344791,-1.5817385484975586,-1.5817385484975586,0.2,0.0,1.0
1.3091995830344791,-1.5817385484975586,-1.5817385484975586,0.2,0.0,1.0
1.3091995830344791,-1.5817385484975586,-1.5817385484975586,0.2,0.0,1.0
1.3091686431849991,-1.5718216763128599,-1.5718216763128599,0.2,0.0,1.0
1.3091686431849991,-1.5718216763128599,-1.5718216763128599,0.2,0.0,1.0
1.3091686431849991,-1.5718216763128599,-1.5718216763128599,0.2,0.0,1.0
1.3091686431849991,-1.5718216763128599,-1.5718216763128599,0.2,0.0,1.0
1.309186299778634,-1.5577054623735513,-1.5577054623735513,0.2,0.0,1.0
1.3092233318183262,-1.550567211648163,-1.550567211648163,0.2,0.0,1.0
1.3092233318183262,-1.550567211648163,-1.550567211648163,0.2,0.0,1.0
1.3092233318183262,-1.550567211648163,-1.550567211648163,0.2,0.0,1.0
1.3093214861168374,-1.5377222918595297,-1.5377222918595297,0.2,0.0,1.0
1.3093214861168374,-1.5377222918595297,-1.5377222918595297,0.2,0.0,1.0
1.3093214861168374,-1.5377222918595297,-1.5377222918595297,0.2,0.0,1.0
1.3093214861168374,-1.5377222918595297,-1.5377222918595297,0.2,0.0,0.9
1.3094728867759966,-1.5233964555886523,-1.5233964555886523,0.2,0.0,0.8
1.3096837724510777,-1.5075113975531231,-1.5075113975531231,0.2,0.0,0.7000000000000001
1.309960303807936,-1.4901596233285137,-1.4901596233285137,0.2,0.0,0.6000000000000001
1.3107239411690281,-1.455303761276339,-1.455303761276339,0.2,0.0,0.5000000000000001
1.311207502353165,-1.4393258781451663,-1.4393258781451663,0.2,0.0,0.40000000000000013
1.311207502353165,-1.4393258781451663,-1.4393258781451663,0.2,0.0,0.30000000000000016
1.3117518781041253,-1.425581899635184,-1.425581899635184,0.2,0.0,0.20000000000000015
1.3117518781041253,-1.425581899635184,-1.425581899635184,0.2,0.0,0.10000000000000014
1.3124603771867913,-1.4099679235795792,-1.4099679235795792,0.2,0.0,1.3877787807814457e-16
1.3124603771867913,-1.4099679235795792,-1.4099679235795792,0.2,0.0,0.0
1.3124603771867913,-1.4099679235795792,-1.4099679235795792,0.2,0.0,0.0
1.3129713261556522,-1.4066196346237867,-1.4066196346237867,0.2,0.0,0.0
1.3129713261556522,-1.4066196346237867,-1.4066196346237867,0.2,0.0,0.0
1.3129713261556522,-1.4066196346237867,-1.4066196346237867,0.2,0.0,0.0
1.3136286545711517,-1.4048980702520006,-1.4048980702520006,0.2,0.0,0.0
1.3136286545711517,-1.4048980702520006,-1.4048980702520006,0.2,0.0,0.0
1.3136286545711517,-1.4048980702520006,-1.4048980702520006,0.2,0.0,0.0
1.3142907813840932,-1.4048124952009386,-1.4048124952009386,0.2,0.0,0.0
1.3142907813840932,-1.4048124952009386,-1.4048124952009386,0.2,0.0,0.0
1.3142907813840932,-1.4048124952009386,-1.4048124952009386,0.2,0.0,0.0
1.3142907813840932,-1.4048124952009386,-1.4048124952009386,0.2,0.0,0.0
1.3149529499365602,-1.404941338892985,-1.404941338892985,0.2,0.0,0.0
1.3149529499365602,-1.404941338892985,-1.404941338892985,0.2,0.0,0.0
1.3149529499365602,-1.404941338892985,-1.404941338892985,0.2,0.0,0.0
1.315747405222031,-1.4050853804966457,-1.4050853804966457,0.2,0.0,0.0
1.315747405222031,-1.4050853804966457,-1.4050853804966457,0.2,0.0,0.0
1.3162762305759672,-1.4050624879834654,-1.4050624879834654,0.2,0.0,0.0
1.3162762305759672,-1.4050624879834654,-1.4050624879834654,0.2,0.0,0.0
1.3169709464746173,-7.405837092393816,-1.4050624879834654,0.2,0.0,0.0
1.3169709464746173,-1.405119746145131,-1.405119746145131,0.2,0.0,0.0
1.3169709464746173,-1.405119746145131,-1.405119746145131,0.2,0.0,0.0
1.3175991471887654,-1.4051480597033987,-1.4051480597033987,0.2,0.0,0.0
1.3175991471887654,-1.4051480597033987,-1.4051480597033987,0.2,0.0,0.0
1.3175991471887654,-1.4051480597033987,-1.4051480597033987,0.2,0.0,0.0
1.3175991471887654,-1.4051480597033987,-1.4051480597033987,0.2,0.0,0.0
1.3182603041107261,-1.4052818569715562,-1.4052818569715562,0.2,0.0,0.0
1.3182603041107261,-1.4052818569715562,-1.4052818569715562,0.2,0.0,0.0
1.3182603041107261,-1.4052818569715562,-1.4052818569715562,0.2,0.0,0.0
1.3189209486602786,-1.4053854786997355,-1.4053854786997355,0.2,0.0,0.0
1.3189209486602786,-1.4053854786997355,-1.4053854786997355,0.2,0.0,0.0
1.3189209486602786,-1.4053854786997355,-1.4053854786997355,0.2,0.0,0.0
1.3189209486602786,-1.4053854786997355,-1.4053854786997355,0.2,0.0,0.0
1.319581218954699,-1.4054696157537165,-1.4054696157537165,0.2,0.0,0.0
1.319581218954699,-1.4054696157537165,-1.4054696157537165,0.2,0.0,0.0
1.319581218954699,-1.4054696157537165,-1.4054696157537165,0.2,0.0,0.0
1.32024120134555,-1.405496606146701,-1.405496606146701,0.2,0.0,0.0
1.32024120134555,-1.405496606146701,-1.405496606146701,0.2,0.0,0.0
1.32024120134555,-1.405496606146701,-1.405496606146701,0.2,0.0,0.0
1.32024120134555,-1.405496606146701,-1.405496606146701,0.2,0.0,0.0
1.3209010051823216,-1.405565011886184,-1.405565011886184,0.2,0.0,0.0
1.3209010051823216,-1.405565011886184,-1.405565011886184,0.2,0.0,0.0
1.3209010051823216,-1.405565011886184,-1.405565011886184,0.2,0.0,0.0
1.3209010051823216,-1.405565011886184,-1.405565011886184,0.2,0.0,0.0
1.3215935934393905,-1.405575577017299,-1.405575577017299,0.2,0.0,0.0
1.3215935934393905,-1.405575577017299,-1.405575577017299,0.2,0.0,0.0
1.3215935934393905,-1.405575577017299,-1.405575577017299,0.2,0.0,0.0
1.3215935934393905,-1.405575577017299,-1.405575577017299,0.2,0.0,0.0
1.3222200266497046,-1.4055173900552302,-1.4055173900552302,0.2,0.0,0.0
1.3222200266497046,-1.4055173900552302,-1.4055173900552302,0.2,0.0,0.0
1.3228795149898676,-1.4056059131581509,-1.4056059131581509,0.2,0.0,0.0
1.3228795149898676,-1.4056059131581509,-1.4056059131581509,0.2,0.0,0.0
1.3228795149898676,-1.4056059131581509,-1.4056059131581509,0.2,0.0,0.0
1.3235716402674162,-1.4055993847189285,-1.4055993847189285,0.2,0.0,0.0
1.3235716402674162,-1.4055993847189285,-1.4055993847189285,0.2,0.0,0.0
1.3235716402674162,-1.4055993847189285,-1.4055993847189285,0.2,0.0,0.0
1.324197512895247,-1.405664811216682,-1.405664811216682,0.2,0.0,0.0
1.324197512895247,-1.405664811216682,-1.405664811216682,0.2,0.0,0.0
1.324197512895247,-1.405664811216682,-1.405664811216682,0.2,0.0,0.0
1.324197512895247,-1.405664811216682,-1.405664811216682,0.2,0.0,0.0
1.324855912526913,-1.4057882286642,-1.4057882286642,0.2,0.0,0.0
1.324855912526913,-1.4057882286642,-1.4057882286642,0.2,0.0,0.0
1.324855912526913,-1.4057882286642,-1.4057882286642,0.2,0.0,0.0
1.324855912526913,-1.4057882286642,-1.4057882286642,0.2,0.0,0.0
1.324855912526913,-1.4057882286642,-1.4057882286642,0.2,0.0,0.0
1.3257777047217636,-1.4057954293931014,-1.4057954293931014,0.2,0.0,0.0
1.3257777047217636,-1.4057954293931014,-1.4057954293931014,0.2,0.0,0.0
1.326171286472787,-1.405809681277982,-1.405809681277982,0.2,0.0,0.0
1.326171286472787,-1.405809681277982,-1.405809681277982,0.2,0.0,0.0
1.326171286472787,-1.405809681277982,-1.405809681277982,0.2,0.0,0.0
1.326171286472787,-1.405809681277982,-1.405809681277982,0.2,0.0,0.0
1.326171286472787,-1.405809681277982,-1.405809681277982,0.2,0.0,0.0
1.326171286472787,-1.405809681277982,-1.405809681277982,0.2,0.0,0.0
1.3270593695364687,-1.405958892467787,-1.405958892467787,0.2,0.0,0.0
1.3270593695364687,-1.405958892467787,-1.405958892467787,0.2,0.0,0.0
1.3274854673483114,-1.4060141353812652,-1.4060141353812652,0.2,0.0,0.0
1.3274854673483114,-1.4060141353812652,-1.4060141353812652,0.2,0.0,0.0
1.3274854673483114,-1.4060141353812652,-1.4060141353812652,0.2,0.0,0.0
1.3274854673483114,-1.4060141353812652,-1.4060141353812652,0.2,0.0,0.0
1.3274854673483114,-1.4060141353812652,-1.4060141353812652,0.2,0.0,0.0
1.3274854673483114,-1.4060141353812652,-1.4060141353812652,0.2,0.0,0.0
1.3281744477989297,-1.4062109964184468,-1.4062109964184468,0.2,0.0,0.0
1.3281744477989297,-1.4062109964184468,-1.4062109964184468,0.2,0.0,0.0
1.3281744477989297,-1.4062109964184468,-1.4062109964184468,0.2,0.0,0.0
1.3281744477989297,-1.4062109964184468,-1.4062109964184468,0.2,0.0,0.0
1.3287966979259347,-1.4063628375633084,-1.4063628375633084,0.2,0.0,0.0
1.3287966979259347,-1.4063628375633084,-1.4063628375633084,0.2,0.0,0.0
1.329451137458361,-1.406408919540733,-1.406408919540733,0.2,0.0,0.0
1.329451137458361,-1.406408919540733,-1.406408919540733,0.2,0.0,0.0
1.329451137458361,-1.406408919540733,-1.406408919540733,0.2,0.0,0.0
1.3301708970983404,-1.406418121102274,-1.406418121102274,0.2,0.0,0.0
1.3301708970983404,-1.406418121102274,-1.406418121102274,0.2,0.0,0.0
1.3301708970983404,-1.406418121102274,-1.406418121102274,0.2,0.0,0.0
1.3301708970983404,-1.406418121102274,-1.406418121102274,0.2,0.0,0.0
1.3310217194747638,-1.4064273906155254,-1.4064273906155254,0.2,0.0,0.0
1.3310217194747638,-1.4064273906155254,-1.4064273906155254,0.2,0.0,0.0
1.3314788227553205,-1.4065000389183224,-1.4065000389183224,0.2,0.0,0.0
1.3314788227553205,-1.4065000389183224,-1.4065000389183224,0.2,0.0,0.0
1.3314788227553205,-1.4065000389183224,-1.4065000389183224,0.2,0.0,0.0
1.3320997556601142,-1.4065504812183405,-1.4065504812183405,0.2,0.0,0.0
1.3320997556601142,-1.4065504812183405,-1.4065504812183405,0.2,0.0,0.0
1.3320997556601142,-1.4065504812183405,-1.4065504812183405,0.2,0.0,0.0
1.3320997556601142,-1.4065504812183405,-1.4065504812183405,0.2,0.0,0.0
1.3327530635566578,-1.406682772704368,-1.406682772704368,0.2,0.0,0.0
1.3327530635566578,-1.406682772704368,-1.406682772704368,0.2,0.0,0.0
1.3327530635566578,-1.406682772704368,-1.406682772704368,0.2,0.0,0.0
1.3327530635566578,-1.406682772704368,-1.406682772704368,0.2,0.0,0.0
1.3327530635566578,-1.406682772704368,-1.406682772704368,0.2,0.0,0.0
1.3333730075455499,-1.4068020017313072,-1.4068020017313072,0.2,0.0,0.0
1.3333730075455499,-1.4068020017313072,-1.4068020017313072,0.2,0.0,0.0
1.334123290827537,-1.406882037465549,-1.406882037465549,0.2,0.0,0.0
1.334123290827537,-1.406882037465549,-1.406882037465549,0.2,0.0,0.0
1.334123290827537,-1.406882037465549,-1.406882037465549,0.2,0.0,0.0
1.334123290827537,-1.406882037465549,-1.406882037465549,0.2,0.0,0.0
1.334123290827537,-1.406882037465549,-1.406882037465549,0.2,0.0,0.0
1.3350692798385493,-1.4071431715072955,-1.4071431715072955,0.2,0.0,0.0
1.3350692798385493,-1.4071431715072955,-1.4071431715072955,0.2,0.0,0.0
1.3356221446061813,-1.4072771266719986,-1.4072771266719986,0.2,0.0,0.0
1.335979420505264,-1.4072856800491895,-1.4072856800491895,0.2,0.0,0.0
1.335979420505264,-1.4072856800491895,-1.4072856800491895,0.2,0.0,0.0
1.335979420505264,-1.4072856800491895,-1.4072856800491895,0.2,0.0,0.0
1.3366300307167154,-1.4073748808932225,-1.4073748808932225,0.2,0.0,0.0
1.3366300307167154,-1.4073748808932225,-1.4073748808932225,0.2,0.0,0.0
1.3366300307167154,-1.4073748808932225,-1.4073748808932225,0.2,0.0,0.0
1.3366300307167154,-1.4073748808932225,-1.4073748808932225,0.2,0.0,0.0
1.3366300307167154,-1.4073748808932225,-1.4073748808932225,0.2,0.0,0.0
1.3373452999093796,-1.4075547799140036,-1.4075547799140036,0.2,0.0,0.0
1.3373452999093796,-1.4075547799140036,-1.4075547799140036,0.2,0.0,0.0
1.3373452999093796,-1.4075547799140036,-1.4075547799140036,0.2,0.0,0.0
1.3373452999093796,-1.4075547799140036,-1.4075547799140036,0.2,0.0,0.0
1.3373452999093796,-1.4075547799140036,-1.4075547799140036,0.2,0.0,0.0
1.3379298242912079,-1.4075736014519442,-1.4075736014519442,0.2,0.0,0.0
1.3379298242912079,-1.4075736014519442,-1.4075736014519442,0.2,0.0,0.0
1.3386445106874167,-1.407599898304985,-1.407599898304985,0.2,0.0,0.0
1.3386445106874167,-1.407599898304985,-1.407599898304985,0.2,0.0,0.0
1.3392287885561966,-1.4077780338027754,-1.4077780338027754,0.2,0.0,0.0
1.3392287885561966,-1.4077780338027754,-1.4077780338027754,0.2,0.0,0.0
1.3392287885561966,-1.4077780338027754,-1.4077780338027754,0.2,0.0,0.0
1.339877634972719,-1.407805853420882,-1.407805853420882,0.2,0.0,0.0
1.339877634972719,-1.407805853420882,-1.407805853420882,0.2,0.0,0.0
1.3405265127849388,-1.4078060269978823,-1.4078060269978823,0.2,0.0,0.0
1.3405265127849388,-1.4078060269978823,-1.4078060269978823,0.2,0.0,0.0
1.3405265127849388,-1.4078060269978823,-1.4078060269978823,0.2,0.0,0.0
1.341240368777132,-1.4078988672064332,-1.4078988672064332,0.2,0.0,0.0
1.341240368777132,-1.4078988672064332,-1.4078988672064332,0.2,0.0,0.0
1.341240368777132,-1.4078988672064332,-1.4078988672064332,0.2,0.0,0.0
1.3418240403727968,-1.4078781920510277,-1.4078781920510277,0.2,0.0,0.0
1.3418240403727968,-1.4078781920510277,-1.4078781920510277,0.2,0.0,0.0
1.3418240403727968,-1.4078781920510277,-1.4078781920510277,0.2,0.0,0.0
1.3424729034811376,-1.4078257341384885,-1.4078257341384885,0.2,0.0,0.0
1.3424729034811376,-1.4078257341384885,-1.4078257341384885,0.2,0.0,0.0
1.3424729034811376,-1.4078257341384885,-1.4078257341384885,0.2,0.0,0.0
1.3424729034811376,-1.4078257341384885,-1.4078257341384885,0.2,0.0,0.0
1.3434472484460407,-1.4079203530048958,-1.4079203530048958,0.2,0.0,0.0
1.3434472484460407,-1.4079203530048958,-1.4079203530048958,0.2,0.0,0.0
1.3434472484460407,-1.4079203530048958,-1.4079203530048958,0.2,0.0,0.0
1.3437709013956867,-1.4079369868193827,-1.4079369868193827,0.2,0.0,0.0
1.3437709013956867,-1.4079369868193827,-1.4079369868193827,0.2,0.0,0.0
1.3437709013956867,-1.4079369868193827,-1.4079369868193827,0.2,0.0,0.0
1.3437709013956867,-1.4079369868193827,-1.4079369868193827,0.2,0.0,0.0
1.344517296146942,-1.4079886279699725,-1.4079886279699725,0.2,0.0,0.0
1.344517296146942,-1.4079886279699725,-1.4079886279699725,0.2,0.0,0.0
1.344517296146942,-1.4079886279699725,-1.4079886279699725,0.2,0.0,0.0
1.344517296146942,-1.4079886279699725,-1.4079886279699725,0.2,0.0,0.0
1.3451983878320568,-1.4081985479595867,-1.4081985479595867,0.2,0.0,0.0
1.3451983878320568,-1.4081985479595867,-1.4081985479595867,0.2,0.0,0.0
1.3451983878320568,-1.4081985479595867,-1.4081985479595867,0.2,0.0,0.0
1.3457164891419775,-1.4082840805053476,-1.4082840805053476,0.2,0.0,0.0
1.3457164891419775,-1.4082840805053476,-1.4082840805053476,0.2,0.0,0.0
1.3457164891419775,-1.4082840805053476,-1.4082840805053476,0.2,0.0,0.0
1.3457164891419775,-1.4082840805053476,-1.4082840805053476,0.2,0.0,0.0
1.3463966315905282,-1.4082548588664874,-1.4082548588664874,0.2,0.0,0.0
1.3463966315905282,-1.4082548588664874,-1.4082548588664874,0.2,0.0,0.0
1.3463966315905282,-1.4082548588664874,-1.4082548588664874,0.2,0.0,0.0
1.3463966315905282,-1.4082548588664874,-1.4082548588664874,0.2,0.0,0.0
1.3470118145220453,-1.4084229467275062,-1.4084229467275062,0.2,0.0,0.0
1.3476588069767315,-1.408548761300712,-1.408548761300712,0.2,0.0,0.0
1.3483378638428072,-1.4085702990258737,-1.4085702990258737,0.2,0.0,0.0
1.348952107471841,-1.4085704307269387,-1.4085704307269387,0.2,0.0,0.0
1.3496633461453449,-1.4086746595241355,-1.4086746595241355,0.18000000000000002,0.0,0.0
1.3502447959432937,-1.408743082221146,-1.408743082221146,0.16000000000000003,0.0,0.0
1.3508300707673224,-1.40838971666245,-1.40838971666245,0.14000000000000004,0.0,0.0
1.3513258124990124,-1.4076618180560714,-1.4076618180560714,0.12000000000000004,0.0,0.0
1.3513258124990124,-1.4076618180560714,-1.4076618180560714,0.10000000000000003,0.0,0.0
1.3518267741046535,-1.4067517502064792,-1.4067517502064792,0.08000000000000003,0.0,0.0
1.3524883543087216,-1.4038609198024057,-1.4038609198024057,0.060000000000000026,0.0,0.0
1.3527184145252165,-1.402376101699541,-1.402376101699541,0.04000000000000002,0.0,0.0
1.3527184145252165,-1.402376101699541,-1.402376101699541,0.02000000000000002,0.0,0.0
1.3529493755521538,-1.4007819216165376,-1.4007819216165376,2.0816681711721685e-17,0.0,0.0
